kind	class	method	param	index	uri	field
METHOD	org.springframework.boot.web.server.Ssl	setClientAuth(org.springframework.boot.web.server.Ssl.ClientAuth)	null	null	/home/nima/Desktop/docker/benchmarks/springboot/spring-boot-project/spring-boot/src/main/java/org/springframework/boot/web/server/Ssl.java	clientAuth
METHOD	org.springframework.boot.web.server.Ssl	setCiphers(java.lang.String[])	null	null	/home/nima/Desktop/docker/benchmarks/springboot/spring-boot-project/spring-boot/src/main/java/org/springframework/boot/web/server/Ssl.java	ciphers
METHOD	org.springframework.boot.web.server.Ssl	setEnabledProtocols(java.lang.String[])	null	null	/home/nima/Desktop/docker/benchmarks/springboot/spring-boot-project/spring-boot/src/main/java/org/springframework/boot/web/server/Ssl.java	enabledProtocols
METHOD	org.springframework.boot.web.server.Ssl	setKeyAlias(java.lang.String)	null	null	/home/nima/Desktop/docker/benchmarks/springboot/spring-boot-project/spring-boot/src/main/java/org/springframework/boot/web/server/Ssl.java	keyAlias
METHOD	org.springframework.boot.web.server.Ssl	setKeyPassword(java.lang.String)	null	null	/home/nima/Desktop/docker/benchmarks/springboot/spring-boot-project/spring-boot/src/main/java/org/springframework/boot/web/server/Ssl.java	keyPassword
METHOD	org.springframework.boot.web.server.Ssl	setKeyStore(java.lang.String)	null	null	/home/nima/Desktop/docker/benchmarks/springboot/spring-boot-project/spring-boot/src/main/java/org/springframework/boot/web/server/Ssl.java	keyStore
METHOD	org.springframework.boot.web.server.Ssl	setKeyStorePassword(java.lang.String)	null	null	/home/nima/Desktop/docker/benchmarks/springboot/spring-boot-project/spring-boot/src/main/java/org/springframework/boot/web/server/Ssl.java	keyStorePassword
METHOD	org.springframework.boot.web.server.Ssl	setKeyStoreType(java.lang.String)	null	null	/home/nima/Desktop/docker/benchmarks/springboot/spring-boot-project/spring-boot/src/main/java/org/springframework/boot/web/server/Ssl.java	keyStoreType
METHOD	org.springframework.boot.web.server.Ssl	setKeyStoreProvider(java.lang.String)	null	null	/home/nima/Desktop/docker/benchmarks/springboot/spring-boot-project/spring-boot/src/main/java/org/springframework/boot/web/server/Ssl.java	keyStoreProvider
METHOD	org.springframework.boot.web.server.Ssl	setTrustStore(java.lang.String)	null	null	/home/nima/Desktop/docker/benchmarks/springboot/spring-boot-project/spring-boot/src/main/java/org/springframework/boot/web/server/Ssl.java	trustStore
METHOD	org.springframework.boot.web.server.Ssl	setTrustStorePassword(java.lang.String)	null	null	/home/nima/Desktop/docker/benchmarks/springboot/spring-boot-project/spring-boot/src/main/java/org/springframework/boot/web/server/Ssl.java	trustStorePassword
METHOD	org.springframework.boot.web.server.Ssl	setTrustStoreType(java.lang.String)	null	null	/home/nima/Desktop/docker/benchmarks/springboot/spring-boot-project/spring-boot/src/main/java/org/springframework/boot/web/server/Ssl.java	trustStoreType
METHOD	org.springframework.boot.web.server.Ssl	setTrustStoreProvider(java.lang.String)	null	null	/home/nima/Desktop/docker/benchmarks/springboot/spring-boot-project/spring-boot/src/main/java/org/springframework/boot/web/server/Ssl.java	trustStoreProvider
METHOD	org.springframework.boot.web.server.Ssl	setCertificate(java.lang.String)	null	null	/home/nima/Desktop/docker/benchmarks/springboot/spring-boot-project/spring-boot/src/main/java/org/springframework/boot/web/server/Ssl.java	certificate
METHOD	org.springframework.boot.web.server.Ssl	setCertificatePrivateKey(java.lang.String)	null	null	/home/nima/Desktop/docker/benchmarks/springboot/spring-boot-project/spring-boot/src/main/java/org/springframework/boot/web/server/Ssl.java	certificatePrivateKey
METHOD	org.springframework.boot.web.server.Ssl	setTrustCertificate(java.lang.String)	null	null	/home/nima/Desktop/docker/benchmarks/springboot/spring-boot-project/spring-boot/src/main/java/org/springframework/boot/web/server/Ssl.java	trustCertificate
METHOD	org.springframework.boot.web.server.Ssl	setTrustCertificatePrivateKey(java.lang.String)	null	null	/home/nima/Desktop/docker/benchmarks/springboot/spring-boot-project/spring-boot/src/main/java/org/springframework/boot/web/server/Ssl.java	trustCertificatePrivateKey
METHOD	org.springframework.boot.web.server.Ssl	setProtocol(java.lang.String)	null	null	/home/nima/Desktop/docker/benchmarks/springboot/spring-boot-project/spring-boot/src/main/java/org/springframework/boot/web/server/Ssl.java	protocol
METHOD	org.springframework.boot.rsocket.context.RSocketServerBootstrap	setApplicationEventPublisher(org.springframework.context.ApplicationEventPublisher)	null	null	/home/nima/Desktop/docker/benchmarks/springboot/spring-boot-project/spring-boot/src/main/java/org/springframework/boot/rsocket/context/RSocketServerBootstrap.java	eventPublisher
METHOD	org.springframework.boot.rsocket.netty.NettyRSocketServer	start()	null	null	/home/nima/Desktop/docker/benchmarks/springboot/spring-boot-project/spring-boot/src/main/java/org/springframework/boot/rsocket/netty/NettyRSocketServer.java	channel
METHOD	org.springframework.boot.rsocket.netty.NettyRSocketServerFactory	setFragmentSize(org.springframework.util.unit.DataSize)	null	null	/home/nima/Desktop/docker/benchmarks/springboot/spring-boot-project/spring-boot/src/main/java/org/springframework/boot/rsocket/netty/NettyRSocketServerFactory.java	fragmentSize
METHOD	org.springframework.boot.rsocket.netty.NettyRSocketServerFactory	setAddress(java.net.InetAddress)	null	null	/home/nima/Desktop/docker/benchmarks/springboot/spring-boot-project/spring-boot/src/main/java/org/springframework/boot/rsocket/netty/NettyRSocketServerFactory.java	address
METHOD	org.springframework.boot.rsocket.netty.NettyRSocketServerFactory	setTransport(org.springframework.boot.rsocket.server.RSocketServer.Transport)	null	null	/home/nima/Desktop/docker/benchmarks/springboot/spring-boot-project/spring-boot/src/main/java/org/springframework/boot/rsocket/netty/NettyRSocketServerFactory.java	transport
METHOD	org.springframework.boot.rsocket.netty.NettyRSocketServerFactory	setSsl(org.springframework.boot.web.server.Ssl)	null	null	/home/nima/Desktop/docker/benchmarks/springboot/spring-boot-project/spring-boot/src/main/java/org/springframework/boot/rsocket/netty/NettyRSocketServerFactory.java	ssl
METHOD	org.springframework.boot.rsocket.netty.NettyRSocketServerFactory	setSslStoreProvider(org.springframework.boot.web.server.SslStoreProvider)	null	null	/home/nima/Desktop/docker/benchmarks/springboot/spring-boot-project/spring-boot/src/main/java/org/springframework/boot/rsocket/netty/NettyRSocketServerFactory.java	sslStoreProvider
METHOD	org.springframework.boot.rsocket.netty.NettyRSocketServerFactory	setResourceFactory(org.springframework.http.client.reactive.ReactorResourceFactory)	null	null	/home/nima/Desktop/docker/benchmarks/springboot/spring-boot-project/spring-boot/src/main/java/org/springframework/boot/rsocket/netty/NettyRSocketServerFactory.java	resourceFactory
METHOD	org.springframework.boot.rsocket.netty.NettyRSocketServerFactory	setRSocketServerCustomizers(java.util.Collection<? extends org.springframework.boot.rsocket.server.RSocketServerCustomizer>)	null	null	/home/nima/Desktop/docker/benchmarks/springboot/spring-boot-project/spring-boot/src/main/java/org/springframework/boot/rsocket/netty/NettyRSocketServerFactory.java	rSocketServerCustomizers
METHOD	org.springframework.boot.rsocket.netty.NettyRSocketServerFactory	setLifecycleTimeout(java.time.Duration)	null	null	/home/nima/Desktop/docker/benchmarks/springboot/spring-boot-project/spring-boot/src/main/java/org/springframework/boot/rsocket/netty/NettyRSocketServerFactory.java	lifecycleTimeout
METHOD	org.springframework.boot.security.reactive.ApplicationContextServerWebExchangeMatcher	getContext(org.springframework.web.server.ServerWebExchange)	null	null	/home/nima/Desktop/docker/benchmarks/springboot/spring-boot-project/spring-boot/src/main/java/org/springframework/boot/security/reactive/ApplicationContextServerWebExchangeMatcher.java	context
METHOD	org.springframework.boot.context.properties.source.ConfigurationPropertyName	toString()	null	null	/home/nima/Desktop/docker/benchmarks/springboot/spring-boot-project/spring-boot/src/main/java/org/springframework/boot/context/properties/source/ConfigurationPropertyName.java	string
METHOD	org.springframework.boot.BeanDefinitionLoader	setResourceLoader(org.springframework.core.io.ResourceLoader)	null	null	/home/nima/Desktop/docker/benchmarks/springboot/spring-boot-project/spring-boot/src/main/java/org/springframework/boot/BeanDefinitionLoader.java	resourceLoader
METHOD	org.springframework.boot.orm.jpa.EntityManagerFactoryBuilder	setBootstrapExecutor(org.springframework.core.task.AsyncTaskExecutor)	null	null	/home/nima/Desktop/docker/benchmarks/springboot/spring-boot-project/spring-boot/src/main/java/org/springframework/boot/orm/jpa/EntityManagerFactoryBuilder.java	bootstrapExecutor
METHOD	org.springframework.boot.orm.jpa.EntityManagerFactoryBuilder	setPersistenceUnitPostProcessors(org.springframework.orm.jpa.persistenceunit.PersistenceUnitPostProcessor...)	null	null	/home/nima/Desktop/docker/benchmarks/springboot/spring-boot-project/spring-boot/src/main/java/org/springframework/boot/orm/jpa/EntityManagerFactoryBuilder.java	persistenceUnitPostProcessors
METHOD	org.springframework.boot.orm.jpa.EntityManagerFactoryBuilder$Builder	managedTypes(org.springframework.orm.jpa.persistenceunit.PersistenceManagedTypes)	null	null	/home/nima/Desktop/docker/benchmarks/springboot/spring-boot-project/spring-boot/src/main/java/org/springframework/boot/orm/jpa/EntityManagerFactoryBuilder.java	managedTypes
METHOD	org.springframework.boot.orm.jpa.EntityManagerFactoryBuilder$Builder	packages(java.lang.String...)	null	null	/home/nima/Desktop/docker/benchmarks/springboot/spring-boot-project/spring-boot/src/main/java/org/springframework/boot/orm/jpa/EntityManagerFactoryBuilder.java	packagesToScan
METHOD	org.springframework.boot.orm.jpa.EntityManagerFactoryBuilder$Builder	packages(java.lang.Class<?>...)	null	null	/home/nima/Desktop/docker/benchmarks/springboot/spring-boot-project/spring-boot/src/main/java/org/springframework/boot/orm/jpa/EntityManagerFactoryBuilder.java	packagesToScan
METHOD	org.springframework.boot.orm.jpa.EntityManagerFactoryBuilder$Builder	persistenceUnit(java.lang.String)	null	null	/home/nima/Desktop/docker/benchmarks/springboot/spring-boot-project/spring-boot/src/main/java/org/springframework/boot/orm/jpa/EntityManagerFactoryBuilder.java	persistenceUnit
METHOD	org.springframework.boot.orm.jpa.EntityManagerFactoryBuilder$Builder	mappingResources(java.lang.String...)	null	null	/home/nima/Desktop/docker/benchmarks/springboot/spring-boot-project/spring-boot/src/main/java/org/springframework/boot/orm/jpa/EntityManagerFactoryBuilder.java	mappingResources
METHOD	org.springframework.boot.SpringApplication	setMainApplicationClass(java.lang.Class<?>)	null	null	/home/nima/Desktop/docker/benchmarks/springboot/spring-boot-project/spring-boot/src/main/java/org/springframework/boot/SpringApplication.java	mainApplicationClass
METHOD	org.springframework.boot.SpringApplication	setWebApplicationType(org.springframework.boot.WebApplicationType)	null	null	/home/nima/Desktop/docker/benchmarks/springboot/spring-boot-project/spring-boot/src/main/java/org/springframework/boot/SpringApplication.java	webApplicationType
METHOD	org.springframework.boot.SpringApplication	setBanner(org.springframework.boot.Banner)	null	null	/home/nima/Desktop/docker/benchmarks/springboot/spring-boot-project/spring-boot/src/main/java/org/springframework/boot/SpringApplication.java	banner
METHOD	org.springframework.boot.SpringApplication	setBannerMode(org.springframework.boot.Banner.Mode)	null	null	/home/nima/Desktop/docker/benchmarks/springboot/spring-boot-project/spring-boot/src/main/java/org/springframework/boot/SpringApplication.java	bannerMode
METHOD	org.springframework.boot.SpringApplication	setDefaultProperties(java.util.Map<java.lang.String,java.lang.Object>)	null	null	/home/nima/Desktop/docker/benchmarks/springboot/spring-boot-project/spring-boot/src/main/java/org/springframework/boot/SpringApplication.java	defaultProperties
METHOD	org.springframework.boot.SpringApplication	setDefaultProperties(java.util.Properties)	null	null	/home/nima/Desktop/docker/benchmarks/springboot/spring-boot-project/spring-boot/src/main/java/org/springframework/boot/SpringApplication.java	defaultProperties
METHOD	org.springframework.boot.SpringApplication	setAdditionalProfiles(java.lang.String...)	null	null	/home/nima/Desktop/docker/benchmarks/springboot/spring-boot-project/spring-boot/src/main/java/org/springframework/boot/SpringApplication.java	additionalProfiles
METHOD	org.springframework.boot.SpringApplication	setBeanNameGenerator(org.springframework.beans.factory.support.BeanNameGenerator)	null	null	/home/nima/Desktop/docker/benchmarks/springboot/spring-boot-project/spring-boot/src/main/java/org/springframework/boot/SpringApplication.java	beanNameGenerator
METHOD	org.springframework.boot.SpringApplication	setEnvironment(org.springframework.core.env.ConfigurableEnvironment)	null	null	/home/nima/Desktop/docker/benchmarks/springboot/spring-boot-project/spring-boot/src/main/java/org/springframework/boot/SpringApplication.java	environment
METHOD	org.springframework.boot.SpringApplication	setSources(java.util.Set<java.lang.String>)	null	null	/home/nima/Desktop/docker/benchmarks/springboot/spring-boot-project/spring-boot/src/main/java/org/springframework/boot/SpringApplication.java	sources
METHOD	org.springframework.boot.SpringApplication	setResourceLoader(org.springframework.core.io.ResourceLoader)	null	null	/home/nima/Desktop/docker/benchmarks/springboot/spring-boot-project/spring-boot/src/main/java/org/springframework/boot/SpringApplication.java	resourceLoader
METHOD	org.springframework.boot.SpringApplication	setEnvironmentPrefix(java.lang.String)	null	null	/home/nima/Desktop/docker/benchmarks/springboot/spring-boot-project/spring-boot/src/main/java/org/springframework/boot/SpringApplication.java	environmentPrefix
METHOD	org.springframework.boot.SpringApplication	setApplicationContextFactory(org.springframework.boot.ApplicationContextFactory)	null	null	/home/nima/Desktop/docker/benchmarks/springboot/spring-boot-project/spring-boot/src/main/java/org/springframework/boot/SpringApplication.java	applicationContextFactory
METHOD	org.springframework.boot.SpringApplication	setInitializers(java.util.Collection<? extends org.springframework.context.ApplicationContextInitializer<?>>)	null	null	/home/nima/Desktop/docker/benchmarks/springboot/spring-boot-project/spring-boot/src/main/java/org/springframework/boot/SpringApplication.java	initializers
METHOD	org.springframework.boot.SpringApplication	setListeners(java.util.Collection<? extends org.springframework.context.ApplicationListener<?>>)	null	null	/home/nima/Desktop/docker/benchmarks/springboot/spring-boot-project/spring-boot/src/main/java/org/springframework/boot/SpringApplication.java	listeners
METHOD	org.springframework.boot.SpringApplication	setApplicationStartup(org.springframework.core.metrics.ApplicationStartup)	null	null	/home/nima/Desktop/docker/benchmarks/springboot/spring-boot-project/spring-boot/src/main/java/org/springframework/boot/SpringApplication.java	applicationStartup
METHOD	org.springframework.boot.context.properties.bind.Binder$Context	setConfigurationProperty(org.springframework.boot.context.properties.source.ConfigurationProperty)	null	null	/home/nima/Desktop/docker/benchmarks/springboot/spring-boot-project/spring-boot/src/main/java/org/springframework/boot/context/properties/bind/Binder.java	configurationProperty
METHOD	org.springframework.boot.context.properties.bind.AggregateBinder$AggregateSupplier	get()	null	null	/home/nima/Desktop/docker/benchmarks/springboot/spring-boot-project/spring-boot/src/main/java/org/springframework/boot/context/properties/bind/AggregateBinder.java	supplied
METHOD	org.springframework.boot.jackson.JsonComponentModule	setBeanFactory(org.springframework.beans.factory.BeanFactory)	null	null	/home/nima/Desktop/docker/benchmarks/springboot/spring-boot-project/spring-boot/src/main/java/org/springframework/boot/jackson/JsonComponentModule.java	beanFactory
METHOD	org.springframework.boot.admin.SpringApplicationAdminMXBeanRegistrar	setApplicationContext(org.springframework.context.ApplicationContext)	null	null	/home/nima/Desktop/docker/benchmarks/springboot/spring-boot-project/spring-boot/src/main/java/org/springframework/boot/admin/SpringApplicationAdminMXBeanRegistrar.java	applicationContext
METHOD	org.springframework.boot.admin.SpringApplicationAdminMXBeanRegistrar	setEnvironment(org.springframework.core.env.Environment)	null	null	/home/nima/Desktop/docker/benchmarks/springboot/spring-boot-project/spring-boot/src/main/java/org/springframework/boot/admin/SpringApplicationAdminMXBeanRegistrar.java	environment
METHOD	org.springframework.boot.util.LambdaSafe$LambdaSafeCallback	withLogger(org.apache.commons.logging.Log)	null	null	/home/nima/Desktop/docker/benchmarks/springboot/spring-boot-project/spring-boot/src/main/java/org/springframework/boot/util/LambdaSafe.java	logger
METHOD	org.springframework.boot.util.LambdaSafe$LambdaSafeCallback	withFilter(org.springframework.boot.util.LambdaSafe.Filter<C,A>)	null	null	/home/nima/Desktop/docker/benchmarks/springboot/spring-boot-project/spring-boot/src/main/java/org/springframework/boot/util/LambdaSafe.java	filter
METHOD	org.springframework.boot.sql.init.AbstractScriptDatabaseInitializer	setResourceLoader(org.springframework.core.io.ResourceLoader)	null	null	/home/nima/Desktop/docker/benchmarks/springboot/spring-boot-project/spring-boot/src/main/java/org/springframework/boot/sql/init/AbstractScriptDatabaseInitializer.java	resourceLoader
METHOD	org.springframework.boot.sql.init.AbstractScriptDatabaseInitializer$Scripts	separator(java.lang.String)	null	null	/home/nima/Desktop/docker/benchmarks/springboot/spring-boot-project/spring-boot/src/main/java/org/springframework/boot/sql/init/AbstractScriptDatabaseInitializer.java	separator
METHOD	org.springframework.boot.sql.init.AbstractScriptDatabaseInitializer$Scripts	encoding(java.nio.charset.Charset)	null	null	/home/nima/Desktop/docker/benchmarks/springboot/spring-boot-project/spring-boot/src/main/java/org/springframework/boot/sql/init/AbstractScriptDatabaseInitializer.java	encoding
METHOD	org.springframework.boot.sql.init.DatabaseInitializationSettings	setSchemaLocations(java.util.List<java.lang.String>)	null	null	/home/nima/Desktop/docker/benchmarks/springboot/spring-boot-project/spring-boot/src/main/java/org/springframework/boot/sql/init/DatabaseInitializationSettings.java	schemaLocations
METHOD	org.springframework.boot.sql.init.DatabaseInitializationSettings	setDataLocations(java.util.List<java.lang.String>)	null	null	/home/nima/Desktop/docker/benchmarks/springboot/spring-boot-project/spring-boot/src/main/java/org/springframework/boot/sql/init/DatabaseInitializationSettings.java	dataLocations
METHOD	org.springframework.boot.sql.init.DatabaseInitializationSettings	setSeparator(java.lang.String)	null	null	/home/nima/Desktop/docker/benchmarks/springboot/spring-boot-project/spring-boot/src/main/java/org/springframework/boot/sql/init/DatabaseInitializationSettings.java	separator
METHOD	org.springframework.boot.sql.init.DatabaseInitializationSettings	setEncoding(java.nio.charset.Charset)	null	null	/home/nima/Desktop/docker/benchmarks/springboot/spring-boot-project/spring-boot/src/main/java/org/springframework/boot/sql/init/DatabaseInitializationSettings.java	encoding
METHOD	org.springframework.boot.sql.init.DatabaseInitializationSettings	setMode(org.springframework.boot.sql.init.DatabaseInitializationMode)	null	null	/home/nima/Desktop/docker/benchmarks/springboot/spring-boot-project/spring-boot/src/main/java/org/springframework/boot/sql/init/DatabaseInitializationSettings.java	mode
METHOD	org.springframework.boot.context.properties.ConfigurationPropertiesBindingPostProcessor	setApplicationContext(org.springframework.context.ApplicationContext)	null	null	/home/nima/Desktop/docker/benchmarks/springboot/spring-boot-project/spring-boot/src/main/java/org/springframework/boot/context/properties/ConfigurationPropertiesBindingPostProcessor.java	applicationContext
METHOD	org.springframework.boot.context.properties.ConfigurationPropertiesBindingPostProcessor	afterPropertiesSet()	null	null	/home/nima/Desktop/docker/benchmarks/springboot/spring-boot-project/spring-boot/src/main/java/org/springframework/boot/context/properties/ConfigurationPropertiesBindingPostProcessor.java	registry
METHOD	org.springframework.boot.context.properties.ConfigurationPropertiesBindingPostProcessor	afterPropertiesSet()	null	null	/home/nima/Desktop/docker/benchmarks/springboot/spring-boot-project/spring-boot/src/main/java/org/springframework/boot/context/properties/ConfigurationPropertiesBindingPostProcessor.java	binder
METHOD	org.springframework.boot.context.properties.ConfigurationPropertiesBinder	getJsr303Validator()	null	null	/home/nima/Desktop/docker/benchmarks/springboot/spring-boot-project/spring-boot/src/main/java/org/springframework/boot/context/properties/ConfigurationPropertiesBinder.java	jsr303Validator
METHOD	org.springframework.boot.context.properties.ConfigurationPropertiesBinder	getBinder()	null	null	/home/nima/Desktop/docker/benchmarks/springboot/spring-boot-project/spring-boot/src/main/java/org/springframework/boot/context/properties/ConfigurationPropertiesBinder.java	binder
METHOD	org.springframework.boot.context.properties.ConfigurationPropertiesBinder$Factory	setApplicationContext(org.springframework.context.ApplicationContext)	null	null	/home/nima/Desktop/docker/benchmarks/springboot/spring-boot-project/spring-boot/src/main/java/org/springframework/boot/context/properties/ConfigurationPropertiesBinder.java	applicationContext
METHOD	org.springframework.boot.context.properties.source.SoftReferenceConfigurationPropertyCache	enable()	null	null	/home/nima/Desktop/docker/benchmarks/springboot/spring-boot-project/spring-boot/src/main/java/org/springframework/boot/context/properties/source/SoftReferenceConfigurationPropertyCache.java	timeToLive
METHOD	org.springframework.boot.context.properties.source.SoftReferenceConfigurationPropertyCache	setValue(T)	null	null	/home/nima/Desktop/docker/benchmarks/springboot/spring-boot-project/spring-boot/src/main/java/org/springframework/boot/context/properties/source/SoftReferenceConfigurationPropertyCache.java	value
METHOD	org.springframework.boot.context.properties.source.SpringConfigurationPropertySources$SourcesIterator	fetchNext()	null	null	/home/nima/Desktop/docker/benchmarks/springboot/spring-boot-project/spring-boot/src/main/java/org/springframework/boot/context/properties/source/SpringConfigurationPropertySources.java	next
METHOD	org.springframework.boot.context.properties.bind.JavaBeanBinder$BeanSupplier	get()	null	null	/home/nima/Desktop/docker/benchmarks/springboot/spring-boot-project/spring-boot/src/main/java/org/springframework/boot/context/properties/bind/JavaBeanBinder.java	instance
METHOD	org.springframework.boot.context.properties.bind.JavaBeanBinder$BeanProperty	addGetter(java.lang.reflect.Method)	null	null	/home/nima/Desktop/docker/benchmarks/springboot/spring-boot-project/spring-boot/src/main/java/org/springframework/boot/context/properties/bind/JavaBeanBinder.java	getter
METHOD	org.springframework.boot.context.properties.bind.JavaBeanBinder$BeanProperty	addSetter(java.lang.reflect.Method)	null	null	/home/nima/Desktop/docker/benchmarks/springboot/spring-boot-project/spring-boot/src/main/java/org/springframework/boot/context/properties/bind/JavaBeanBinder.java	setter
METHOD	org.springframework.boot.context.properties.bind.JavaBeanBinder$BeanProperty	addField(java.lang.reflect.Field)	null	null	/home/nima/Desktop/docker/benchmarks/springboot/spring-boot-project/spring-boot/src/main/java/org/springframework/boot/context/properties/bind/JavaBeanBinder.java	field
METHOD	org.springframework.boot.context.metrics.buffering.BufferingApplicationStartup	startRecording()	null	null	/home/nima/Desktop/docker/benchmarks/springboot/spring-boot-project/spring-boot/src/main/java/org/springframework/boot/context/metrics/buffering/BufferingApplicationStartup.java	startTime
METHOD	org.springframework.boot.context.metrics.buffering.BufferingApplicationStartup	addFilter(java.util.function.Predicate<org.springframework.core.metrics.StartupStep>)	null	null	/home/nima/Desktop/docker/benchmarks/springboot/spring-boot-project/spring-boot/src/main/java/org/springframework/boot/context/metrics/buffering/BufferingApplicationStartup.java	filter
METHOD	org.springframework.boot.context.TypeExcludeFilter	setBeanFactory(org.springframework.beans.factory.BeanFactory)	null	null	/home/nima/Desktop/docker/benchmarks/springboot/spring-boot-project/spring-boot/src/main/java/org/springframework/boot/context/TypeExcludeFilter.java	beanFactory
METHOD	org.springframework.boot.context.logging.LoggingApplicationListener	onApplicationStartingEvent(org.springframework.boot.context.event.ApplicationStartingEvent)	null	null	/home/nima/Desktop/docker/benchmarks/springboot/spring-boot-project/spring-boot/src/main/java/org/springframework/boot/context/logging/LoggingApplicationListener.java	loggingSystem
METHOD	org.springframework.boot.context.logging.LoggingApplicationListener	onApplicationEnvironmentPreparedEvent(org.springframework.boot.context.event.ApplicationEnvironmentPreparedEvent)	null	null	/home/nima/Desktop/docker/benchmarks/springboot/spring-boot-project/spring-boot/src/main/java/org/springframework/boot/context/logging/LoggingApplicationListener.java	loggingSystem
METHOD	org.springframework.boot.context.logging.LoggingApplicationListener	initialize(org.springframework.core.env.ConfigurableEnvironment,java.lang.ClassLoader)	null	null	/home/nima/Desktop/docker/benchmarks/springboot/spring-boot-project/spring-boot/src/main/java/org/springframework/boot/context/logging/LoggingApplicationListener.java	logFile
METHOD	org.springframework.boot.context.logging.LoggingApplicationListener	initialize(org.springframework.core.env.ConfigurableEnvironment,java.lang.ClassLoader)	null	null	/home/nima/Desktop/docker/benchmarks/springboot/spring-boot-project/spring-boot/src/main/java/org/springframework/boot/context/logging/LoggingApplicationListener.java	loggerGroups
METHOD	org.springframework.boot.context.logging.LoggingApplicationListener	setSpringBootLogging(org.springframework.boot.logging.LogLevel)	null	null	/home/nima/Desktop/docker/benchmarks/springboot/spring-boot-project/spring-boot/src/main/java/org/springframework/boot/context/logging/LoggingApplicationListener.java	springBootLogging
METHOD	org.springframework.boot.logging.LoggerGroup	configureLogLevel(org.springframework.boot.logging.LogLevel,java.util.function.BiConsumer<java.lang.String,org.springframework.boot.logging.LogLevel>)	null	null	/home/nima/Desktop/docker/benchmarks/springboot/spring-boot-project/spring-boot/src/main/java/org/springframework/boot/logging/LoggerGroup.java	configuredLevel
METHOD	org.springframework.boot.context.ApplicationPidFileWriter	setTriggerEventType(java.lang.Class<? extends org.springframework.boot.context.event.SpringApplicationEvent>)	null	null	/home/nima/Desktop/docker/benchmarks/springboot/spring-boot-project/spring-boot/src/main/java/org/springframework/boot/context/ApplicationPidFileWriter.java	triggerEventType
METHOD	org.springframework.boot.context.config.ConfigDataEnvironmentContributor$ContributorIterator	fetchIfNecessary()	null	null	/home/nima/Desktop/docker/benchmarks/springboot/spring-boot-project/spring-boot/src/main/java/org/springframework/boot/context/config/ConfigDataEnvironmentContributor.java	next
METHOD	org.springframework.boot.context.config.ConfigDataEnvironmentContributor$ContributorIterator	fetchIfNecessary()	null	null	/home/nima/Desktop/docker/benchmarks/springboot/spring-boot-project/spring-boot/src/main/java/org/springframework/boot/context/config/ConfigDataEnvironmentContributor.java	next
METHOD	org.springframework.boot.system.ApplicationTemp	getPath()	null	null	/home/nima/Desktop/docker/benchmarks/springboot/spring-boot-project/spring-boot/src/main/java/org/springframework/boot/system/ApplicationTemp.java	path
METHOD	org.springframework.boot.sql.init.dependency.DatabaseInitializationDependencyConfigurer$DependsOnDatabaseInitializationPostProcessor	setEnvironment(org.springframework.core.env.Environment)	null	null	/home/nima/Desktop/docker/benchmarks/springboot/spring-boot-project/spring-boot/src/main/java/org/springframework/boot/sql/init/dependency/DatabaseInitializationDependencyConfigurer.java	environment
METHOD	org.springframework.boot.builder.SpringApplicationBuilder	parent(java.lang.Class<?>...)	null	null	/home/nima/Desktop/docker/benchmarks/springboot/spring-boot-project/spring-boot/src/main/java/org/springframework/boot/builder/SpringApplicationBuilder.java	parent
METHOD	org.springframework.boot.builder.SpringApplicationBuilder	parent(org.springframework.context.ConfigurableApplicationContext)	null	null	/home/nima/Desktop/docker/benchmarks/springboot/spring-boot-project/spring-boot/src/main/java/org/springframework/boot/builder/SpringApplicationBuilder.java	parent
METHOD	org.springframework.boot.builder.SpringApplicationBuilder	additionalProfiles(java.util.Collection<java.lang.String>)	null	null	/home/nima/Desktop/docker/benchmarks/springboot/spring-boot-project/spring-boot/src/main/java/org/springframework/boot/builder/SpringApplicationBuilder.java	additionalProfiles
METHOD	org.springframework.boot.builder.SpringApplicationBuilder	environment(org.springframework.core.env.ConfigurableEnvironment)	null	null	/home/nima/Desktop/docker/benchmarks/springboot/spring-boot-project/spring-boot/src/main/java/org/springframework/boot/builder/SpringApplicationBuilder.java	environment
METHOD	org.springframework.boot.builder.ParentContextCloserApplicationListener	setApplicationContext(org.springframework.context.ApplicationContext)	null	null	/home/nima/Desktop/docker/benchmarks/springboot/spring-boot-project/spring-boot/src/main/java/org/springframework/boot/builder/ParentContextCloserApplicationListener.java	context
METHOD	org.springframework.boot.json.JacksonJsonParser	getObjectMapper()	null	null	/home/nima/Desktop/docker/benchmarks/springboot/spring-boot-project/spring-boot/src/main/java/org/springframework/boot/json/JacksonJsonParser.java	objectMapper
METHOD	org.springframework.boot.web.server.WebServerFactoryCustomizerBeanPostProcessor	setBeanFactory(org.springframework.beans.factory.BeanFactory)	null	null	/home/nima/Desktop/docker/benchmarks/springboot/spring-boot-project/spring-boot/src/main/java/org/springframework/boot/web/server/WebServerFactoryCustomizerBeanPostProcessor.java	beanFactory
METHOD	org.springframework.boot.web.server.WebServerFactoryCustomizerBeanPostProcessor	getCustomizers()	null	null	/home/nima/Desktop/docker/benchmarks/springboot/spring-boot-project/spring-boot/src/main/java/org/springframework/boot/web/server/WebServerFactoryCustomizerBeanPostProcessor.java	customizers
METHOD	org.springframework.boot.web.server.WebServerFactoryCustomizerBeanPostProcessor	getCustomizers()	null	null	/home/nima/Desktop/docker/benchmarks/springboot/spring-boot-project/spring-boot/src/main/java/org/springframework/boot/web/server/WebServerFactoryCustomizerBeanPostProcessor.java	customizers
METHOD	org.springframework.boot.web.server.Compression	setMimeTypes(java.lang.String[])	null	null	/home/nima/Desktop/docker/benchmarks/springboot/spring-boot-project/spring-boot/src/main/java/org/springframework/boot/web/server/Compression.java	mimeTypes
METHOD	org.springframework.boot.web.server.Compression	setExcludedUserAgents(java.lang.String[])	null	null	/home/nima/Desktop/docker/benchmarks/springboot/spring-boot-project/spring-boot/src/main/java/org/springframework/boot/web/server/Compression.java	excludedUserAgents
METHOD	org.springframework.boot.web.server.Compression	setMinResponseSize(org.springframework.util.unit.DataSize)	null	null	/home/nima/Desktop/docker/benchmarks/springboot/spring-boot-project/spring-boot/src/main/java/org/springframework/boot/web/server/Compression.java	minResponseSize
METHOD	org.springframework.boot.web.server.AbstractConfigurableWebServerFactory	setAddress(java.net.InetAddress)	null	null	/home/nima/Desktop/docker/benchmarks/springboot/spring-boot-project/spring-boot/src/main/java/org/springframework/boot/web/server/AbstractConfigurableWebServerFactory.java	address
METHOD	org.springframework.boot.web.server.AbstractConfigurableWebServerFactory	setErrorPages(java.util.Set<? extends org.springframework.boot.web.server.ErrorPage>)	null	null	/home/nima/Desktop/docker/benchmarks/springboot/spring-boot-project/spring-boot/src/main/java/org/springframework/boot/web/server/AbstractConfigurableWebServerFactory.java	errorPages
METHOD	org.springframework.boot.web.server.AbstractConfigurableWebServerFactory	setSsl(org.springframework.boot.web.server.Ssl)	null	null	/home/nima/Desktop/docker/benchmarks/springboot/spring-boot-project/spring-boot/src/main/java/org/springframework/boot/web/server/AbstractConfigurableWebServerFactory.java	ssl
METHOD	org.springframework.boot.web.server.AbstractConfigurableWebServerFactory	setSslStoreProvider(org.springframework.boot.web.server.SslStoreProvider)	null	null	/home/nima/Desktop/docker/benchmarks/springboot/spring-boot-project/spring-boot/src/main/java/org/springframework/boot/web/server/AbstractConfigurableWebServerFactory.java	sslStoreProvider
METHOD	org.springframework.boot.web.server.AbstractConfigurableWebServerFactory	setHttp2(org.springframework.boot.web.server.Http2)	null	null	/home/nima/Desktop/docker/benchmarks/springboot/spring-boot-project/spring-boot/src/main/java/org/springframework/boot/web/server/AbstractConfigurableWebServerFactory.java	http2
METHOD	org.springframework.boot.web.server.AbstractConfigurableWebServerFactory	setCompression(org.springframework.boot.web.server.Compression)	null	null	/home/nima/Desktop/docker/benchmarks/springboot/spring-boot-project/spring-boot/src/main/java/org/springframework/boot/web/server/AbstractConfigurableWebServerFactory.java	compression
METHOD	org.springframework.boot.web.server.AbstractConfigurableWebServerFactory	setServerHeader(java.lang.String)	null	null	/home/nima/Desktop/docker/benchmarks/springboot/spring-boot-project/spring-boot/src/main/java/org/springframework/boot/web/server/AbstractConfigurableWebServerFactory.java	serverHeader
METHOD	org.springframework.boot.web.server.AbstractConfigurableWebServerFactory	setShutdown(org.springframework.boot.web.server.Shutdown)	null	null	/home/nima/Desktop/docker/benchmarks/springboot/spring-boot-project/spring-boot/src/main/java/org/springframework/boot/web/server/AbstractConfigurableWebServerFactory.java	shutdown
METHOD	org.springframework.boot.web.server.Cookie	setName(java.lang.String)	null	null	/home/nima/Desktop/docker/benchmarks/springboot/spring-boot-project/spring-boot/src/main/java/org/springframework/boot/web/server/Cookie.java	name
METHOD	org.springframework.boot.web.server.Cookie	setDomain(java.lang.String)	null	null	/home/nima/Desktop/docker/benchmarks/springboot/spring-boot-project/spring-boot/src/main/java/org/springframework/boot/web/server/Cookie.java	domain
METHOD	org.springframework.boot.web.server.Cookie	setPath(java.lang.String)	null	null	/home/nima/Desktop/docker/benchmarks/springboot/spring-boot-project/spring-boot/src/main/java/org/springframework/boot/web/server/Cookie.java	path
METHOD	org.springframework.boot.web.server.Cookie	setHttpOnly(java.lang.Boolean)	null	null	/home/nima/Desktop/docker/benchmarks/springboot/spring-boot-project/spring-boot/src/main/java/org/springframework/boot/web/server/Cookie.java	httpOnly
METHOD	org.springframework.boot.web.server.Cookie	setSecure(java.lang.Boolean)	null	null	/home/nima/Desktop/docker/benchmarks/springboot/spring-boot-project/spring-boot/src/main/java/org/springframework/boot/web/server/Cookie.java	secure
METHOD	org.springframework.boot.web.server.Cookie	setMaxAge(java.time.Duration)	null	null	/home/nima/Desktop/docker/benchmarks/springboot/spring-boot-project/spring-boot/src/main/java/org/springframework/boot/web/server/Cookie.java	maxAge
METHOD	org.springframework.boot.web.server.Cookie	setSameSite(org.springframework.boot.web.server.Cookie.SameSite)	null	null	/home/nima/Desktop/docker/benchmarks/springboot/spring-boot-project/spring-boot/src/main/java/org/springframework/boot/web/server/Cookie.java	sameSite
METHOD	org.springframework.boot.web.server.ErrorPageRegistrarBeanPostProcessor	setBeanFactory(org.springframework.beans.factory.BeanFactory)	null	null	/home/nima/Desktop/docker/benchmarks/springboot/spring-boot-project/spring-boot/src/main/java/org/springframework/boot/web/server/ErrorPageRegistrarBeanPostProcessor.java	beanFactory
METHOD	org.springframework.boot.web.server.ErrorPageRegistrarBeanPostProcessor	getRegistrars()	null	null	/home/nima/Desktop/docker/benchmarks/springboot/spring-boot-project/spring-boot/src/main/java/org/springframework/boot/web/server/ErrorPageRegistrarBeanPostProcessor.java	registrars
METHOD	org.springframework.boot.web.server.ErrorPageRegistrarBeanPostProcessor	getRegistrars()	null	null	/home/nima/Desktop/docker/benchmarks/springboot/spring-boot-project/spring-boot/src/main/java/org/springframework/boot/web/server/ErrorPageRegistrarBeanPostProcessor.java	registrars
METHOD	org.springframework.boot.web.servlet.ServletListenerRegistrationBean	setListener(T)	null	null	/home/nima/Desktop/docker/benchmarks/springboot/spring-boot-project/spring-boot/src/main/java/org/springframework/boot/web/servlet/ServletListenerRegistrationBean.java	listener
METHOD	org.springframework.boot.web.servlet.server.Session	setTimeout(java.time.Duration)	null	null	/home/nima/Desktop/docker/benchmarks/springboot/spring-boot-project/spring-boot/src/main/java/org/springframework/boot/web/servlet/server/Session.java	timeout
METHOD	org.springframework.boot.web.servlet.server.Session	setTrackingModes(java.util.Set<org.springframework.boot.web.servlet.server.Session.SessionTrackingMode>)	null	null	/home/nima/Desktop/docker/benchmarks/springboot/spring-boot-project/spring-boot/src/main/java/org/springframework/boot/web/servlet/server/Session.java	trackingModes
METHOD	org.springframework.boot.web.servlet.server.Session	setStoreDir(java.io.File)	null	null	/home/nima/Desktop/docker/benchmarks/springboot/spring-boot-project/spring-boot/src/main/java/org/springframework/boot/web/servlet/server/Session.java	storeDir
METHOD	org.springframework.boot.web.servlet.server.Session$Cookie	setComment(java.lang.String)	null	null	/home/nima/Desktop/docker/benchmarks/springboot/spring-boot-project/spring-boot/src/main/java/org/springframework/boot/web/servlet/server/Session.java	comment
METHOD	org.springframework.boot.web.servlet.server.Jsp	setClassName(java.lang.String)	null	null	/home/nima/Desktop/docker/benchmarks/springboot/spring-boot-project/spring-boot/src/main/java/org/springframework/boot/web/servlet/server/Jsp.java	className
METHOD	org.springframework.boot.web.servlet.server.Jsp	setInitParameters(java.util.Map<java.lang.String,java.lang.String>)	null	null	/home/nima/Desktop/docker/benchmarks/springboot/spring-boot-project/spring-boot/src/main/java/org/springframework/boot/web/servlet/server/Jsp.java	initParameters
METHOD	org.springframework.boot.web.servlet.server.SessionStoreDirectory	setDirectory(java.io.File)	null	null	/home/nima/Desktop/docker/benchmarks/springboot/spring-boot-project/spring-boot/src/main/java/org/springframework/boot/web/servlet/server/SessionStoreDirectory.java	directory
METHOD	org.springframework.boot.web.servlet.server.Encoding	setCharset(java.nio.charset.Charset)	null	null	/home/nima/Desktop/docker/benchmarks/springboot/spring-boot-project/spring-boot/src/main/java/org/springframework/boot/web/servlet/server/Encoding.java	charset
METHOD	org.springframework.boot.web.servlet.server.Encoding	setForce(boolean)	null	null	/home/nima/Desktop/docker/benchmarks/springboot/spring-boot-project/spring-boot/src/main/java/org/springframework/boot/web/servlet/server/Encoding.java	force
METHOD	org.springframework.boot.web.servlet.server.Encoding	setForceRequest(boolean)	null	null	/home/nima/Desktop/docker/benchmarks/springboot/spring-boot-project/spring-boot/src/main/java/org/springframework/boot/web/servlet/server/Encoding.java	forceRequest
METHOD	org.springframework.boot.web.servlet.server.Encoding	setForceResponse(boolean)	null	null	/home/nima/Desktop/docker/benchmarks/springboot/spring-boot-project/spring-boot/src/main/java/org/springframework/boot/web/servlet/server/Encoding.java	forceResponse
METHOD	org.springframework.boot.web.servlet.server.Encoding	setMapping(java.util.Map<java.util.Locale,java.nio.charset.Charset>)	null	null	/home/nima/Desktop/docker/benchmarks/springboot/spring-boot-project/spring-boot/src/main/java/org/springframework/boot/web/servlet/server/Encoding.java	mapping
METHOD	org.springframework.boot.web.servlet.server.DocumentRoot	setDirectory(java.io.File)	null	null	/home/nima/Desktop/docker/benchmarks/springboot/spring-boot-project/spring-boot/src/main/java/org/springframework/boot/web/servlet/server/DocumentRoot.java	directory
METHOD	org.springframework.boot.web.servlet.server.AbstractServletWebServerFactory	setContextPath(java.lang.String)	null	null	/home/nima/Desktop/docker/benchmarks/springboot/spring-boot-project/spring-boot/src/main/java/org/springframework/boot/web/servlet/server/AbstractServletWebServerFactory.java	contextPath
METHOD	org.springframework.boot.web.servlet.server.AbstractServletWebServerFactory	setDisplayName(java.lang.String)	null	null	/home/nima/Desktop/docker/benchmarks/springboot/spring-boot-project/spring-boot/src/main/java/org/springframework/boot/web/servlet/server/AbstractServletWebServerFactory.java	displayName
METHOD	org.springframework.boot.web.servlet.server.AbstractServletWebServerFactory	setMimeMappings(org.springframework.boot.web.server.MimeMappings)	null	null	/home/nima/Desktop/docker/benchmarks/springboot/spring-boot-project/spring-boot/src/main/java/org/springframework/boot/web/servlet/server/AbstractServletWebServerFactory.java	mimeMappings
METHOD	org.springframework.boot.web.servlet.server.AbstractServletWebServerFactory	setInitializers(java.util.List<? extends org.springframework.boot.web.servlet.ServletContextInitializer>)	null	null	/home/nima/Desktop/docker/benchmarks/springboot/spring-boot-project/spring-boot/src/main/java/org/springframework/boot/web/servlet/server/AbstractServletWebServerFactory.java	initializers
METHOD	org.springframework.boot.web.servlet.server.AbstractServletWebServerFactory	setJsp(org.springframework.boot.web.servlet.server.Jsp)	null	null	/home/nima/Desktop/docker/benchmarks/springboot/spring-boot-project/spring-boot/src/main/java/org/springframework/boot/web/servlet/server/AbstractServletWebServerFactory.java	jsp
METHOD	org.springframework.boot.web.servlet.server.AbstractServletWebServerFactory	setSession(org.springframework.boot.web.servlet.server.Session)	null	null	/home/nima/Desktop/docker/benchmarks/springboot/spring-boot-project/spring-boot/src/main/java/org/springframework/boot/web/servlet/server/AbstractServletWebServerFactory.java	session
METHOD	org.springframework.boot.web.servlet.server.AbstractServletWebServerFactory	setLocaleCharsetMappings(java.util.Map<java.util.Locale,java.nio.charset.Charset>)	null	null	/home/nima/Desktop/docker/benchmarks/springboot/spring-boot-project/spring-boot/src/main/java/org/springframework/boot/web/servlet/server/AbstractServletWebServerFactory.java	localeCharsetMappings
METHOD	org.springframework.boot.web.servlet.server.AbstractServletWebServerFactory	setInitParameters(java.util.Map<java.lang.String,java.lang.String>)	null	null	/home/nima/Desktop/docker/benchmarks/springboot/spring-boot-project/spring-boot/src/main/java/org/springframework/boot/web/servlet/server/AbstractServletWebServerFactory.java	initParameters
METHOD	org.springframework.boot.web.servlet.server.AbstractServletWebServerFactory	setCookieSameSiteSuppliers(java.util.List<? extends org.springframework.boot.web.servlet.server.CookieSameSiteSupplier>)	null	null	/home/nima/Desktop/docker/benchmarks/springboot/spring-boot-project/spring-boot/src/main/java/org/springframework/boot/web/servlet/server/AbstractServletWebServerFactory.java	cookieSameSiteSuppliers
METHOD	org.springframework.boot.web.servlet.ServletRegistrationBean	setServlet(T)	null	null	/home/nima/Desktop/docker/benchmarks/springboot/spring-boot-project/spring-boot/src/main/java/org/springframework/boot/web/servlet/ServletRegistrationBean.java	servlet
METHOD	org.springframework.boot.web.servlet.ServletRegistrationBean	setUrlMappings(java.util.Collection<java.lang.String>)	null	null	/home/nima/Desktop/docker/benchmarks/springboot/spring-boot-project/spring-boot/src/main/java/org/springframework/boot/web/servlet/ServletRegistrationBean.java	urlMappings
METHOD	org.springframework.boot.web.servlet.ServletRegistrationBean	setMultipartConfig(jakarta.servlet.MultipartConfigElement)	null	null	/home/nima/Desktop/docker/benchmarks/springboot/spring-boot-project/spring-boot/src/main/java/org/springframework/boot/web/servlet/ServletRegistrationBean.java	multipartConfig
METHOD	org.springframework.boot.web.servlet.DynamicRegistrationBean	setName(java.lang.String)	null	null	/home/nima/Desktop/docker/benchmarks/springboot/spring-boot-project/spring-boot/src/main/java/org/springframework/boot/web/servlet/DynamicRegistrationBean.java	name
METHOD	org.springframework.boot.web.servlet.DynamicRegistrationBean	setInitParameters(java.util.Map<java.lang.String,java.lang.String>)	null	null	/home/nima/Desktop/docker/benchmarks/springboot/spring-boot-project/spring-boot/src/main/java/org/springframework/boot/web/servlet/DynamicRegistrationBean.java	initParameters
METHOD	org.springframework.boot.web.servlet.ServletComponentRegisteringPostProcessor	setApplicationContext(org.springframework.context.ApplicationContext)	null	null	/home/nima/Desktop/docker/benchmarks/springboot/spring-boot-project/spring-boot/src/main/java/org/springframework/boot/web/servlet/ServletComponentRegisteringPostProcessor.java	applicationContext
METHOD	org.springframework.boot.web.servlet.context.AnnotationConfigServletWebApplicationContext	scan(java.lang.String...)	null	null	/home/nima/Desktop/docker/benchmarks/springboot/spring-boot-project/spring-boot/src/main/java/org/springframework/boot/web/servlet/context/AnnotationConfigServletWebApplicationContext.java	basePackages
METHOD	org.springframework.boot.web.servlet.context.ServletWebServerApplicationContext	setServerNamespace(java.lang.String)	null	null	/home/nima/Desktop/docker/benchmarks/springboot/spring-boot-project/spring-boot/src/main/java/org/springframework/boot/web/servlet/context/ServletWebServerApplicationContext.java	serverNamespace
METHOD	org.springframework.boot.web.servlet.context.ServletWebServerApplicationContext	setServletConfig(jakarta.servlet.ServletConfig)	null	null	/home/nima/Desktop/docker/benchmarks/springboot/spring-boot-project/spring-boot/src/main/java/org/springframework/boot/web/servlet/context/ServletWebServerApplicationContext.java	servletConfig
METHOD	org.springframework.boot.web.servlet.context.AnnotationConfigServletWebServerApplicationContext	scan(java.lang.String...)	null	null	/home/nima/Desktop/docker/benchmarks/springboot/spring-boot-project/spring-boot/src/main/java/org/springframework/boot/web/servlet/context/AnnotationConfigServletWebServerApplicationContext.java	basePackages
METHOD	org.springframework.boot.web.servlet.support.SpringBootServletInitializer	onStartup(jakarta.servlet.ServletContext)	null	null	/home/nima/Desktop/docker/benchmarks/springboot/spring-boot-project/spring-boot/src/main/java/org/springframework/boot/web/servlet/support/SpringBootServletInitializer.java	logger
METHOD	org.springframework.boot.web.servlet.support.ErrorPageFilter$ErrorWrapperResponse	sendError(int,java.lang.String)	null	null	/home/nima/Desktop/docker/benchmarks/springboot/spring-boot-project/spring-boot/src/main/java/org/springframework/boot/web/servlet/support/ErrorPageFilter.java	message
METHOD	org.springframework.boot.web.servlet.FilterRegistrationBean	setFilter(T)	null	null	/home/nima/Desktop/docker/benchmarks/springboot/spring-boot-project/spring-boot/src/main/java/org/springframework/boot/web/servlet/FilterRegistrationBean.java	filter
METHOD	org.springframework.boot.web.servlet.AbstractFilterRegistrationBean	setServletRegistrationBeans(java.util.Collection<? extends org.springframework.boot.web.servlet.ServletRegistrationBean<?>>)	null	null	/home/nima/Desktop/docker/benchmarks/springboot/spring-boot-project/spring-boot/src/main/java/org/springframework/boot/web/servlet/AbstractFilterRegistrationBean.java	servletRegistrationBeans
METHOD	org.springframework.boot.web.servlet.AbstractFilterRegistrationBean	setServletNames(java.util.Collection<java.lang.String>)	null	null	/home/nima/Desktop/docker/benchmarks/springboot/spring-boot-project/spring-boot/src/main/java/org/springframework/boot/web/servlet/AbstractFilterRegistrationBean.java	servletNames
METHOD	org.springframework.boot.web.servlet.AbstractFilterRegistrationBean	setUrlPatterns(java.util.Collection<java.lang.String>)	null	null	/home/nima/Desktop/docker/benchmarks/springboot/spring-boot-project/spring-boot/src/main/java/org/springframework/boot/web/servlet/AbstractFilterRegistrationBean.java	urlPatterns
METHOD	org.springframework.boot.web.servlet.AbstractFilterRegistrationBean	setDispatcherTypes(jakarta.servlet.DispatcherType,jakarta.servlet.DispatcherType...)	null	null	/home/nima/Desktop/docker/benchmarks/springboot/spring-boot-project/spring-boot/src/main/java/org/springframework/boot/web/servlet/AbstractFilterRegistrationBean.java	dispatcherTypes
METHOD	org.springframework.boot.web.servlet.AbstractFilterRegistrationBean	setDispatcherTypes(java.util.EnumSet<jakarta.servlet.DispatcherType>)	null	null	/home/nima/Desktop/docker/benchmarks/springboot/spring-boot-project/spring-boot/src/main/java/org/springframework/boot/web/servlet/AbstractFilterRegistrationBean.java	dispatcherTypes
METHOD	org.springframework.boot.web.servlet.view.MustacheViewResolver	setCharset(java.lang.String)	null	null	/home/nima/Desktop/docker/benchmarks/springboot/spring-boot-project/spring-boot/src/main/java/org/springframework/boot/web/servlet/view/MustacheViewResolver.java	charset
METHOD	org.springframework.boot.web.servlet.view.MustacheView	setCompiler(com.samskivert.mustache.Mustache.Compiler)	null	null	/home/nima/Desktop/docker/benchmarks/springboot/spring-boot-project/spring-boot/src/main/java/org/springframework/boot/web/servlet/view/MustacheView.java	compiler
METHOD	org.springframework.boot.web.servlet.view.MustacheView	setCharset(java.lang.String)	null	null	/home/nima/Desktop/docker/benchmarks/springboot/spring-boot-project/spring-boot/src/main/java/org/springframework/boot/web/servlet/view/MustacheView.java	charset
METHOD	org.springframework.boot.web.servlet.DelegatingFilterProxyRegistrationBean	setApplicationContext(org.springframework.context.ApplicationContext)	null	null	/home/nima/Desktop/docker/benchmarks/springboot/spring-boot-project/spring-boot/src/main/java/org/springframework/boot/web/servlet/DelegatingFilterProxyRegistrationBean.java	applicationContext
METHOD	org.springframework.boot.web.servlet.MultipartConfigFactory	setLocation(java.lang.String)	null	null	/home/nima/Desktop/docker/benchmarks/springboot/spring-boot-project/spring-boot/src/main/java/org/springframework/boot/web/servlet/MultipartConfigFactory.java	location
METHOD	org.springframework.boot.web.servlet.MultipartConfigFactory	setMaxFileSize(org.springframework.util.unit.DataSize)	null	null	/home/nima/Desktop/docker/benchmarks/springboot/spring-boot-project/spring-boot/src/main/java/org/springframework/boot/web/servlet/MultipartConfigFactory.java	maxFileSize
METHOD	org.springframework.boot.web.servlet.MultipartConfigFactory	setMaxRequestSize(org.springframework.util.unit.DataSize)	null	null	/home/nima/Desktop/docker/benchmarks/springboot/spring-boot-project/spring-boot/src/main/java/org/springframework/boot/web/servlet/MultipartConfigFactory.java	maxRequestSize
METHOD	org.springframework.boot.web.servlet.MultipartConfigFactory	setFileSizeThreshold(org.springframework.util.unit.DataSize)	null	null	/home/nima/Desktop/docker/benchmarks/springboot/spring-boot-project/spring-boot/src/main/java/org/springframework/boot/web/servlet/MultipartConfigFactory.java	fileSizeThreshold
METHOD	org.springframework.boot.web.embedded.tomcat.TomcatReactiveWebServerFactory	setBaseDirectory(java.io.File)	null	null	/home/nima/Desktop/docker/benchmarks/springboot/spring-boot-project/spring-boot/src/main/java/org/springframework/boot/web/embedded/tomcat/TomcatReactiveWebServerFactory.java	baseDirectory
METHOD	org.springframework.boot.web.embedded.tomcat.TomcatReactiveWebServerFactory	setTomcatContextCustomizers(java.util.Collection<? extends org.springframework.boot.web.embedded.tomcat.TomcatContextCustomizer>)	null	null	/home/nima/Desktop/docker/benchmarks/springboot/spring-boot-project/spring-boot/src/main/java/org/springframework/boot/web/embedded/tomcat/TomcatReactiveWebServerFactory.java	tomcatContextCustomizers
METHOD	org.springframework.boot.web.embedded.tomcat.TomcatReactiveWebServerFactory	setTomcatConnectorCustomizers(java.util.Collection<? extends org.springframework.boot.web.embedded.tomcat.TomcatConnectorCustomizer>)	null	null	/home/nima/Desktop/docker/benchmarks/springboot/spring-boot-project/spring-boot/src/main/java/org/springframework/boot/web/embedded/tomcat/TomcatReactiveWebServerFactory.java	tomcatConnectorCustomizers
METHOD	org.springframework.boot.web.embedded.tomcat.TomcatReactiveWebServerFactory	setTomcatProtocolHandlerCustomizers(java.util.Collection<? extends org.springframework.boot.web.embedded.tomcat.TomcatProtocolHandlerCustomizer<?>>)	null	null	/home/nima/Desktop/docker/benchmarks/springboot/spring-boot-project/spring-boot/src/main/java/org/springframework/boot/web/embedded/tomcat/TomcatReactiveWebServerFactory.java	tomcatProtocolHandlerCustomizers
METHOD	org.springframework.boot.web.embedded.tomcat.TomcatReactiveWebServerFactory	setUriEncoding(java.nio.charset.Charset)	null	null	/home/nima/Desktop/docker/benchmarks/springboot/spring-boot-project/spring-boot/src/main/java/org/springframework/boot/web/embedded/tomcat/TomcatReactiveWebServerFactory.java	uriEncoding
METHOD	org.springframework.boot.web.embedded.tomcat.TomcatReactiveWebServerFactory	setContextLifecycleListeners(java.util.Collection<? extends org.apache.catalina.LifecycleListener>)	null	null	/home/nima/Desktop/docker/benchmarks/springboot/spring-boot-project/spring-boot/src/main/java/org/springframework/boot/web/embedded/tomcat/TomcatReactiveWebServerFactory.java	contextLifecycleListeners
METHOD	org.springframework.boot.web.embedded.tomcat.TomcatReactiveWebServerFactory	setProtocol(java.lang.String)	null	null	/home/nima/Desktop/docker/benchmarks/springboot/spring-boot-project/spring-boot/src/main/java/org/springframework/boot/web/embedded/tomcat/TomcatReactiveWebServerFactory.java	protocol
METHOD	org.springframework.boot.web.embedded.tomcat.TomcatEmbeddedContext	setStarter(org.springframework.boot.web.embedded.tomcat.TomcatStarter)	null	null	/home/nima/Desktop/docker/benchmarks/springboot/spring-boot-project/spring-boot/src/main/java/org/springframework/boot/web/embedded/tomcat/TomcatEmbeddedContext.java	starter
METHOD	org.springframework.boot.web.embedded.tomcat.TomcatEmbeddedContext	setMimeMappings(org.springframework.boot.web.server.MimeMappings)	null	null	/home/nima/Desktop/docker/benchmarks/springboot/spring-boot-project/spring-boot/src/main/java/org/springframework/boot/web/embedded/tomcat/TomcatEmbeddedContext.java	mimeMappings
METHOD	org.springframework.boot.web.embedded.tomcat.TomcatServletWebServerFactory	setResourceLoader(org.springframework.core.io.ResourceLoader)	null	null	/home/nima/Desktop/docker/benchmarks/springboot/spring-boot-project/spring-boot/src/main/java/org/springframework/boot/web/embedded/tomcat/TomcatServletWebServerFactory.java	resourceLoader
METHOD	org.springframework.boot.web.embedded.tomcat.TomcatServletWebServerFactory	setBaseDirectory(java.io.File)	null	null	/home/nima/Desktop/docker/benchmarks/springboot/spring-boot-project/spring-boot/src/main/java/org/springframework/boot/web/embedded/tomcat/TomcatServletWebServerFactory.java	baseDirectory
METHOD	org.springframework.boot.web.embedded.tomcat.TomcatServletWebServerFactory	setTldSkipPatterns(java.util.Collection<java.lang.String>)	null	null	/home/nima/Desktop/docker/benchmarks/springboot/spring-boot-project/spring-boot/src/main/java/org/springframework/boot/web/embedded/tomcat/TomcatServletWebServerFactory.java	tldSkipPatterns
METHOD	org.springframework.boot.web.embedded.tomcat.TomcatServletWebServerFactory	setProtocol(java.lang.String)	null	null	/home/nima/Desktop/docker/benchmarks/springboot/spring-boot-project/spring-boot/src/main/java/org/springframework/boot/web/embedded/tomcat/TomcatServletWebServerFactory.java	protocol
METHOD	org.springframework.boot.web.embedded.tomcat.TomcatServletWebServerFactory	setEngineValves(java.util.Collection<? extends org.apache.catalina.Valve>)	null	null	/home/nima/Desktop/docker/benchmarks/springboot/spring-boot-project/spring-boot/src/main/java/org/springframework/boot/web/embedded/tomcat/TomcatServletWebServerFactory.java	engineValves
METHOD	org.springframework.boot.web.embedded.tomcat.TomcatServletWebServerFactory	setContextValves(java.util.Collection<? extends org.apache.catalina.Valve>)	null	null	/home/nima/Desktop/docker/benchmarks/springboot/spring-boot-project/spring-boot/src/main/java/org/springframework/boot/web/embedded/tomcat/TomcatServletWebServerFactory.java	contextValves
METHOD	org.springframework.boot.web.embedded.tomcat.TomcatServletWebServerFactory	setContextLifecycleListeners(java.util.Collection<? extends org.apache.catalina.LifecycleListener>)	null	null	/home/nima/Desktop/docker/benchmarks/springboot/spring-boot-project/spring-boot/src/main/java/org/springframework/boot/web/embedded/tomcat/TomcatServletWebServerFactory.java	contextLifecycleListeners
METHOD	org.springframework.boot.web.embedded.tomcat.TomcatServletWebServerFactory	setTomcatContextCustomizers(java.util.Collection<? extends org.springframework.boot.web.embedded.tomcat.TomcatContextCustomizer>)	null	null	/home/nima/Desktop/docker/benchmarks/springboot/spring-boot-project/spring-boot/src/main/java/org/springframework/boot/web/embedded/tomcat/TomcatServletWebServerFactory.java	tomcatContextCustomizers
METHOD	org.springframework.boot.web.embedded.tomcat.TomcatServletWebServerFactory	setTomcatConnectorCustomizers(java.util.Collection<? extends org.springframework.boot.web.embedded.tomcat.TomcatConnectorCustomizer>)	null	null	/home/nima/Desktop/docker/benchmarks/springboot/spring-boot-project/spring-boot/src/main/java/org/springframework/boot/web/embedded/tomcat/TomcatServletWebServerFactory.java	tomcatConnectorCustomizers
METHOD	org.springframework.boot.web.embedded.tomcat.TomcatServletWebServerFactory	setTomcatProtocolHandlerCustomizers(java.util.Collection<? extends org.springframework.boot.web.embedded.tomcat.TomcatProtocolHandlerCustomizer<?>>)	null	null	/home/nima/Desktop/docker/benchmarks/springboot/spring-boot-project/spring-boot/src/main/java/org/springframework/boot/web/embedded/tomcat/TomcatServletWebServerFactory.java	tomcatProtocolHandlerCustomizers
METHOD	org.springframework.boot.web.embedded.tomcat.TomcatServletWebServerFactory	setUriEncoding(java.nio.charset.Charset)	null	null	/home/nima/Desktop/docker/benchmarks/springboot/spring-boot-project/spring-boot/src/main/java/org/springframework/boot/web/embedded/tomcat/TomcatServletWebServerFactory.java	uriEncoding
METHOD	org.springframework.boot.web.embedded.jetty.JettyWebServer	initialize()	null	null	/home/nima/Desktop/docker/benchmarks/springboot/spring-boot-project/spring-boot/src/main/java/org/springframework/boot/web/embedded/jetty/JettyWebServer.java	connectors
METHOD	org.springframework.boot.web.embedded.jetty.JettyServletWebServerFactory	setResourceLoader(org.springframework.core.io.ResourceLoader)	null	null	/home/nima/Desktop/docker/benchmarks/springboot/spring-boot-project/spring-boot/src/main/java/org/springframework/boot/web/embedded/jetty/JettyServletWebServerFactory.java	resourceLoader
METHOD	org.springframework.boot.web.embedded.jetty.JettyServletWebServerFactory	setServerCustomizers(java.util.Collection<? extends org.springframework.boot.web.embedded.jetty.JettyServerCustomizer>)	null	null	/home/nima/Desktop/docker/benchmarks/springboot/spring-boot-project/spring-boot/src/main/java/org/springframework/boot/web/embedded/jetty/JettyServletWebServerFactory.java	jettyServerCustomizers
METHOD	org.springframework.boot.web.embedded.jetty.JettyServletWebServerFactory	setConfigurations(java.util.Collection<? extends org.eclipse.jetty.webapp.Configuration>)	null	null	/home/nima/Desktop/docker/benchmarks/springboot/spring-boot-project/spring-boot/src/main/java/org/springframework/boot/web/embedded/jetty/JettyServletWebServerFactory.java	configurations
METHOD	org.springframework.boot.web.embedded.jetty.JettyServletWebServerFactory	setThreadPool(org.eclipse.jetty.util.thread.ThreadPool)	null	null	/home/nima/Desktop/docker/benchmarks/springboot/spring-boot-project/spring-boot/src/main/java/org/springframework/boot/web/embedded/jetty/JettyServletWebServerFactory.java	threadPool
METHOD	org.springframework.boot.web.embedded.jetty.JettyReactiveWebServerFactory	setServerCustomizers(java.util.Collection<? extends org.springframework.boot.web.embedded.jetty.JettyServerCustomizer>)	null	null	/home/nima/Desktop/docker/benchmarks/springboot/spring-boot-project/spring-boot/src/main/java/org/springframework/boot/web/embedded/jetty/JettyReactiveWebServerFactory.java	jettyServerCustomizers
METHOD	org.springframework.boot.web.embedded.jetty.JettyReactiveWebServerFactory	setThreadPool(org.eclipse.jetty.util.thread.ThreadPool)	null	null	/home/nima/Desktop/docker/benchmarks/springboot/spring-boot-project/spring-boot/src/main/java/org/springframework/boot/web/embedded/jetty/JettyReactiveWebServerFactory.java	threadPool
METHOD	org.springframework.boot.web.embedded.jetty.JettyReactiveWebServerFactory	setResourceFactory(org.springframework.http.client.reactive.JettyResourceFactory)	null	null	/home/nima/Desktop/docker/benchmarks/springboot/spring-boot-project/spring-boot/src/main/java/org/springframework/boot/web/embedded/jetty/JettyReactiveWebServerFactory.java	resourceFactory
METHOD	org.springframework.boot.web.embedded.netty.NettyReactiveWebServerFactory	setServerCustomizers(java.util.Collection<? extends org.springframework.boot.web.embedded.netty.NettyServerCustomizer>)	null	null	/home/nima/Desktop/docker/benchmarks/springboot/spring-boot-project/spring-boot/src/main/java/org/springframework/boot/web/embedded/netty/NettyReactiveWebServerFactory.java	serverCustomizers
METHOD	org.springframework.boot.web.embedded.netty.NettyReactiveWebServerFactory	setLifecycleTimeout(java.time.Duration)	null	null	/home/nima/Desktop/docker/benchmarks/springboot/spring-boot-project/spring-boot/src/main/java/org/springframework/boot/web/embedded/netty/NettyReactiveWebServerFactory.java	lifecycleTimeout
METHOD	org.springframework.boot.web.embedded.netty.NettyReactiveWebServerFactory	setResourceFactory(org.springframework.http.client.reactive.ReactorResourceFactory)	null	null	/home/nima/Desktop/docker/benchmarks/springboot/spring-boot-project/spring-boot/src/main/java/org/springframework/boot/web/embedded/netty/NettyReactiveWebServerFactory.java	resourceFactory
METHOD	org.springframework.boot.web.embedded.netty.NettyReactiveWebServerFactory	setShutdown(org.springframework.boot.web.server.Shutdown)	null	null	/home/nima/Desktop/docker/benchmarks/springboot/spring-boot-project/spring-boot/src/main/java/org/springframework/boot/web/embedded/netty/NettyReactiveWebServerFactory.java	shutdown
METHOD	org.springframework.boot.web.embedded.netty.NettyWebServer	setRouteProviders(java.util.List<org.springframework.boot.web.embedded.netty.NettyRouteProvider>)	null	null	/home/nima/Desktop/docker/benchmarks/springboot/spring-boot-project/spring-boot/src/main/java/org/springframework/boot/web/embedded/netty/NettyWebServer.java	routeProviders
METHOD	org.springframework.boot.web.embedded.netty.NettyWebServer	start()	null	null	/home/nima/Desktop/docker/benchmarks/springboot/spring-boot-project/spring-boot/src/main/java/org/springframework/boot/web/embedded/netty/NettyWebServer.java	disposableServer
METHOD	org.springframework.boot.web.embedded.undertow.UndertowWebServerFactoryDelegate	setBuilderCustomizers(java.util.Collection<? extends org.springframework.boot.web.embedded.undertow.UndertowBuilderCustomizer>)	null	null	/home/nima/Desktop/docker/benchmarks/springboot/spring-boot-project/spring-boot/src/main/java/org/springframework/boot/web/embedded/undertow/UndertowWebServerFactoryDelegate.java	builderCustomizers
METHOD	org.springframework.boot.web.embedded.undertow.UndertowWebServerFactoryDelegate	setBufferSize(java.lang.Integer)	null	null	/home/nima/Desktop/docker/benchmarks/springboot/spring-boot-project/spring-boot/src/main/java/org/springframework/boot/web/embedded/undertow/UndertowWebServerFactoryDelegate.java	bufferSize
METHOD	org.springframework.boot.web.embedded.undertow.UndertowWebServerFactoryDelegate	setIoThreads(java.lang.Integer)	null	null	/home/nima/Desktop/docker/benchmarks/springboot/spring-boot-project/spring-boot/src/main/java/org/springframework/boot/web/embedded/undertow/UndertowWebServerFactoryDelegate.java	ioThreads
METHOD	org.springframework.boot.web.embedded.undertow.UndertowWebServerFactoryDelegate	setWorkerThreads(java.lang.Integer)	null	null	/home/nima/Desktop/docker/benchmarks/springboot/spring-boot-project/spring-boot/src/main/java/org/springframework/boot/web/embedded/undertow/UndertowWebServerFactoryDelegate.java	workerThreads
METHOD	org.springframework.boot.web.embedded.undertow.UndertowWebServerFactoryDelegate	setUseDirectBuffers(java.lang.Boolean)	null	null	/home/nima/Desktop/docker/benchmarks/springboot/spring-boot-project/spring-boot/src/main/java/org/springframework/boot/web/embedded/undertow/UndertowWebServerFactoryDelegate.java	directBuffers
METHOD	org.springframework.boot.web.embedded.undertow.UndertowWebServerFactoryDelegate	setAccessLogDirectory(java.io.File)	null	null	/home/nima/Desktop/docker/benchmarks/springboot/spring-boot-project/spring-boot/src/main/java/org/springframework/boot/web/embedded/undertow/UndertowWebServerFactoryDelegate.java	accessLogDirectory
METHOD	org.springframework.boot.web.embedded.undertow.UndertowWebServerFactoryDelegate	setAccessLogPattern(java.lang.String)	null	null	/home/nima/Desktop/docker/benchmarks/springboot/spring-boot-project/spring-boot/src/main/java/org/springframework/boot/web/embedded/undertow/UndertowWebServerFactoryDelegate.java	accessLogPattern
METHOD	org.springframework.boot.web.embedded.undertow.UndertowWebServerFactoryDelegate	setAccessLogPrefix(java.lang.String)	null	null	/home/nima/Desktop/docker/benchmarks/springboot/spring-boot-project/spring-boot/src/main/java/org/springframework/boot/web/embedded/undertow/UndertowWebServerFactoryDelegate.java	accessLogPrefix
METHOD	org.springframework.boot.web.embedded.undertow.UndertowWebServerFactoryDelegate	setAccessLogSuffix(java.lang.String)	null	null	/home/nima/Desktop/docker/benchmarks/springboot/spring-boot-project/spring-boot/src/main/java/org/springframework/boot/web/embedded/undertow/UndertowWebServerFactoryDelegate.java	accessLogSuffix
METHOD	org.springframework.boot.web.embedded.undertow.UndertowWebServer	createUndertowServer()	null	null	/home/nima/Desktop/docker/benchmarks/springboot/spring-boot-project/spring-boot/src/main/java/org/springframework/boot/web/embedded/undertow/UndertowWebServer.java	closeables
METHOD	org.springframework.boot.web.embedded.undertow.UndertowServletWebServerFactory	setDeploymentInfoCustomizers(java.util.Collection<? extends org.springframework.boot.web.embedded.undertow.UndertowDeploymentInfoCustomizer>)	null	null	/home/nima/Desktop/docker/benchmarks/springboot/spring-boot-project/spring-boot/src/main/java/org/springframework/boot/web/embedded/undertow/UndertowServletWebServerFactory.java	deploymentInfoCustomizers
METHOD	org.springframework.boot.web.embedded.undertow.UndertowServletWebServerFactory	setResourceLoader(org.springframework.core.io.ResourceLoader)	null	null	/home/nima/Desktop/docker/benchmarks/springboot/spring-boot-project/spring-boot/src/main/java/org/springframework/boot/web/embedded/undertow/UndertowServletWebServerFactory.java	resourceLoader
METHOD	org.springframework.boot.web.reactive.context.ReactiveWebServerApplicationContext	setServerNamespace(java.lang.String)	null	null	/home/nima/Desktop/docker/benchmarks/springboot/spring-boot-project/spring-boot/src/main/java/org/springframework/boot/web/reactive/context/ReactiveWebServerApplicationContext.java	serverNamespace
METHOD	org.springframework.boot.web.reactive.context.WebServerManager$DelayedInitializationHttpHandler	initializeHandler()	null	null	/home/nima/Desktop/docker/benchmarks/springboot/spring-boot-project/spring-boot/src/main/java/org/springframework/boot/web/reactive/context/WebServerManager.java	delegate
METHOD	org.springframework.boot.web.reactive.context.AnnotationConfigReactiveWebServerApplicationContext	scan(java.lang.String...)	null	null	/home/nima/Desktop/docker/benchmarks/springboot/spring-boot-project/spring-boot/src/main/java/org/springframework/boot/web/reactive/context/AnnotationConfigReactiveWebServerApplicationContext.java	basePackages
METHOD	org.springframework.boot.web.reactive.result.view.MustacheViewResolver	setCharset(java.lang.String)	null	null	/home/nima/Desktop/docker/benchmarks/springboot/spring-boot-project/spring-boot/src/main/java/org/springframework/boot/web/reactive/result/view/MustacheViewResolver.java	charset
METHOD	org.springframework.boot.web.reactive.result.view.MustacheView	setCompiler(com.samskivert.mustache.Mustache.Compiler)	null	null	/home/nima/Desktop/docker/benchmarks/springboot/spring-boot-project/spring-boot/src/main/java/org/springframework/boot/web/reactive/result/view/MustacheView.java	compiler
METHOD	org.springframework.boot.web.reactive.result.view.MustacheView	setCharset(java.lang.String)	null	null	/home/nima/Desktop/docker/benchmarks/springboot/spring-boot-project/spring-boot/src/main/java/org/springframework/boot/web/reactive/result/view/MustacheView.java	charset
METHOD	org.springframework.boot.logging.DeferredLog	switchOver()	null	null	/home/nima/Desktop/docker/benchmarks/springboot/spring-boot-project/spring-boot/src/main/java/org/springframework/boot/logging/DeferredLog.java	destination
METHOD	org.springframework.boot.logging.DeferredLog	switchTo(org.apache.commons.logging.Log)	null	null	/home/nima/Desktop/docker/benchmarks/springboot/spring-boot-project/spring-boot/src/main/java/org/springframework/boot/logging/DeferredLog.java	destination
METHOD	org.springframework.boot.logging.logback.SpringPropertyModel	setScope(java.lang.String)	null	null	/home/nima/Desktop/docker/benchmarks/springboot/spring-boot-project/spring-boot/src/main/java/org/springframework/boot/logging/logback/SpringPropertyModel.java	scope
METHOD	org.springframework.boot.logging.logback.SpringPropertyModel	setDefaultValue(java.lang.String)	null	null	/home/nima/Desktop/docker/benchmarks/springboot/spring-boot-project/spring-boot/src/main/java/org/springframework/boot/logging/logback/SpringPropertyModel.java	defaultValue
METHOD	org.springframework.boot.logging.logback.SpringPropertyModel	setSource(java.lang.String)	null	null	/home/nima/Desktop/docker/benchmarks/springboot/spring-boot-project/spring-boot/src/main/java/org/springframework/boot/logging/logback/SpringPropertyModel.java	source
METHOD	org.springframework.boot.logging.log4j2.SpringProfileArbiter$Builder	setName(java.lang.String)	null	null	/home/nima/Desktop/docker/benchmarks/springboot/spring-boot-project/spring-boot/src/main/java/org/springframework/boot/logging/log4j2/SpringProfileArbiter.java	name
METHOD	org.springframework.boot.logging.log4j2.SpringEnvironmentLookup	setLoggerContext(org.apache.logging.log4j.core.LoggerContext)	null	null	/home/nima/Desktop/docker/benchmarks/springboot/spring-boot-project/spring-boot/src/main/java/org/springframework/boot/logging/log4j2/SpringEnvironmentLookup.java	environment
METHOD	org.springframework.boot.jdbc.DataSourceBuilder	<D>type(java.lang.Class<D>)	null	null	/home/nima/Desktop/docker/benchmarks/springboot/spring-boot-project/spring-boot/src/main/java/org/springframework/boot/jdbc/DataSourceBuilder.java	type
METHOD	org.springframework.boot.webservices.client.HttpWebServiceMessageSenderBuilder	setConnectTimeout(java.time.Duration)	null	null	/home/nima/Desktop/docker/benchmarks/springboot/spring-boot-project/spring-boot/src/main/java/org/springframework/boot/webservices/client/HttpWebServiceMessageSenderBuilder.java	connectTimeout
METHOD	org.springframework.boot.webservices.client.HttpWebServiceMessageSenderBuilder	setReadTimeout(java.time.Duration)	null	null	/home/nima/Desktop/docker/benchmarks/springboot/spring-boot-project/spring-boot/src/main/java/org/springframework/boot/webservices/client/HttpWebServiceMessageSenderBuilder.java	readTimeout
METHOD	org.springframework.boot.webservices.client.HttpWebServiceMessageSenderBuilder	requestFactory(java.util.function.Supplier<org.springframework.http.client.ClientHttpRequestFactory>)	null	null	/home/nima/Desktop/docker/benchmarks/springboot/spring-boot-project/spring-boot/src/main/java/org/springframework/boot/webservices/client/HttpWebServiceMessageSenderBuilder.java	requestFactorySupplier
METHOD	org.springframework.boot.env.OriginTrackedPropertiesLoader$CharacterReader	read()	null	null	/home/nima/Desktop/docker/benchmarks/springboot/spring-boot-project/spring-boot/src/main/java/org/springframework/boot/env/OriginTrackedPropertiesLoader.java	character
METHOD	org.springframework.boot.env.OriginTrackedPropertiesLoader$CharacterReader	read()	null	null	/home/nima/Desktop/docker/benchmarks/springboot/spring-boot-project/spring-boot/src/main/java/org/springframework/boot/env/OriginTrackedPropertiesLoader.java	columnNumber
METHOD	org.springframework.boot.env.OriginTrackedPropertiesLoader$CharacterReader	skipComment()	null	null	/home/nima/Desktop/docker/benchmarks/springboot/spring-boot-project/spring-boot/src/main/java/org/springframework/boot/env/OriginTrackedPropertiesLoader.java	character
